name,impressions,clicks,cost,revenue,conversions
상시,349390711.0,5098336.0,502328284.0485869,615650108.2751476,20466.0
ISA,245001439.0,2368914.0,94239588.54570201,116998018.965002,2491.0
연금,104029725.0,4361369.0,74018146.18200502,88090122.465019,1059.0
해외선물,124059999.0,144994.0,73957116.99999923,87706495.1102508,819.0
국내주식,77276632.0,446888.0,32137347.0,39184278.47,380.0
[별도] 네이버페이건,7859994.0,541922.0,21428568.0,23571424.8,118.0
공모주,37864638.0,120990.0,15303316.0,18629319.585,175.0
